{
  "name": "ai-chat-console",
  "version": "1.0.0",
  "description": "Free AI Chat Console with multiple models",
  "type": "module",
  "scripts": {
    "dev": "vite --config vite.config.github.ts",
    "build": "tsc && vite build --config vite.config.github.ts",
    "preview": "vite preview --config vite.config.github.ts"
  },
  "dependencies": {
    "react": "^18.3.1",
    "react-dom": "^18.3.1",
    "lucide-react": "latest",
    "clsx": "latest",
    "tailwind-merge": "latest",
    "class-variance-authority": "latest",
    "@radix-ui/react-select": "latest",
    "@radix-ui/react-toast": "latest",
    "@radix-ui/react-tooltip": "latest",
    "@radix-ui/react-slot": "latest"
  },
  "devDependencies": {
    "@types/react": "^18.3.3",
    "@types/react-dom": "^18.3.0",
    "@vitejs/plugin-react": "^4.3.1",
    "autoprefixer": "latest",
    "postcss": "latest",
    "tailwindcss": "latest",
    "tailwindcss-animate": "latest",
    "typescript": "~5.6.2",
    "vite": "^5.4.2"
  }
}